TDOA_12,TDOA_13,TDOA_14,Orientation,x,y
0.0005,0.0007,0.0011,2.50731266213629,4.53151522849032,2.46321534287082
0.0011,0.0004,0.0006,1.34310408253329,3.2069230609297,0.134879917767657
0.0003,0.001,0.0012,2.25261344515649,4.52915781485726,0.513404759474366
0.0004,0.0016,0.0011,5.89552753635173,1.62059036364329,0.0392076861956075
0.0009,0.0001,0.0008,2.39553672183197,2.35819423766194,2.83706055216875
